{"cameraMode":{"drawMode":0,"name":"Shaded","section":"Shading Mode"},"sceneLighting":true,"audioPlay":false,"sceneViewState":{"showFog":true,"showMaterialUpdate":false,"showSkybox":true,"showFlares":true,"showImageEffects":true,"showParticleSystems":true},"in2DMode":false,"pivot":{"x":-0.09841302037239075,"y":7.316500186920166,"z":-11.258895874023438},"rotation":{"x":0.01949736848473549,"y":0.011997822672128678,"z":-0.00023393373703584075,"w":0.9997395277023315},"size":3.045790672302246,"orthographic":false}