{"cameraMode":{"drawMode":0,"name":"Shaded","section":"Shading Mode"},"sceneLighting":false,"audioPlay":false,"sceneViewState":{"showFog":true,"showMaterialUpdate":false,"showSkybox":false,"showFlares":true,"showImageEffects":true,"showParticleSystems":true},"in2DMode":false,"pivot":{"x":1.1162577867507935,"y":-0.57746422290802,"z":-0.911646842956543},"rotation":{"x":0.056050293147563937,"y":0.9280623197555542,"z":-0.15596625208854676,"w":0.33352017402648928},"size":4.243240833282471,"orthographic":false}