{"cameraMode":{"drawMode":0,"name":"Shaded","section":"Shading Mode"},"sceneLighting":false,"audioPlay":false,"sceneViewState":{"showFog":true,"showMaterialUpdate":false,"showSkybox":false,"showFlares":true,"showImageEffects":true,"showParticleSystems":true},"in2DMode":false,"pivot":{"x":0.11008507013320923,"y":-0.6859239339828491,"z":-1.2808899879455567},"rotation":{"x":0.04480007663369179,"y":0.945899248123169,"z":-0.284845769405365,"w":0.14876918494701386},"size":3.198368787765503,"orthographic":false}