{"cameraMode":{"drawMode":0,"name":"Shaded","section":"Shading Mode"},"sceneLighting":false,"audioPlay":false,"sceneViewState":{"showFog":true,"showMaterialUpdate":false,"showSkybox":false,"showFlares":true,"showImageEffects":true,"showParticleSystems":true},"in2DMode":false,"pivot":{"x":236.49874877929688,"y":179.01251220703126,"z":2.799999952316284},"rotation":{"x":0.005999949295073748,"y":-0.0014999747509136797,"z":0.000008999987585411873,"w":0.9999803304672241},"size":1446.177001953125,"orthographic":true}