{"cameraMode":{"drawMode":0,"name":"Shaded","section":"Shading Mode"},"sceneLighting":false,"audioPlay":false,"sceneViewState":{"showFog":true,"showMaterialUpdate":false,"showSkybox":false,"showFlares":true,"showImageEffects":true,"showParticleSystems":true},"in2DMode":false,"pivot":{"x":-0.7282572984695435,"y":1.9424759149551392,"z":-1.3949291706085206},"rotation":{"x":0.016721101477742196,"y":-0.9544029235839844,"z":0.05445997416973114,"w":0.2930349111557007},"size":5.023005485534668,"orthographic":false}