{"cameraMode":{"drawMode":0,"name":"Shaded","section":"Shading Mode"},"sceneLighting":true,"audioPlay":false,"sceneViewState":{"showFog":true,"showMaterialUpdate":false,"showSkybox":false,"showFlares":true,"showImageEffects":true,"showParticleSystems":true},"in2DMode":false,"pivot":{"x":-1.3899998664855958,"y":-1.2800002098083497,"z":-2.809999942779541},"rotation":{"x":0.1262522041797638,"y":-0.2801383435726166,"z":0.037194546312093738,"w":0.950894296169281},"size":42.7310791015625,"orthographic":false}