{"cameraMode":{"drawMode":0,"name":"Shaded","section":"Shading Mode"},"sceneLighting":true,"audioPlay":false,"sceneViewState":{"showFog":true,"showMaterialUpdate":false,"showSkybox":true,"showFlares":true,"showImageEffects":true,"showParticleSystems":true},"in2DMode":false,"pivot":{"x":0.278427392244339,"y":1.2753188610076905,"z":-0.15662765502929688},"rotation":{"x":0.15240378677845,"y":0.0005947479512542486,"z":-0.00009163890354102477,"w":0.9883182048797607},"size":8.253449440002442,"orthographic":false}