{"cameraMode":{"drawMode":0,"name":"Shaded","section":"Shading Mode"},"sceneLighting":false,"audioPlay":false,"sceneViewState":{"showFog":true,"showMaterialUpdate":false,"showSkybox":false,"showFlares":true,"showImageEffects":true,"showParticleSystems":true},"in2DMode":false,"pivot":{"x":0.7474448084831238,"y":-0.3125764727592468,"z":-1.3976166248321534},"rotation":{"x":0.01529980544000864,"y":0.9806547164916992,"z":-0.08553280681371689,"w":0.1754116415977478},"size":1.543241262435913,"orthographic":false}