{"cameraMode":{"drawMode":0,"name":"Shaded","section":"Shading Mode"},"sceneLighting":false,"audioPlay":false,"sceneViewState":{"showFog":true,"showMaterialUpdate":true,"showSkybox":true,"showFlares":true,"showImageEffects":true,"showParticleSystems":true},"in2DMode":false,"pivot":{"x":-0.17914605140686036,"y":11.394996643066407,"z":-1.4843721389770508},"rotation":{"x":-0.013247480615973473,"y":0.9856428503990173,"z":-0.14021940529346467,"w":-0.09311963617801666},"size":6.279494762420654,"orthographic":false}