{"cameraMode":{"drawMode":0,"name":"Shaded","section":"Shading Mode"},"sceneLighting":true,"audioPlay":false,"sceneViewState":{"showFog":true,"showMaterialUpdate":true,"showSkybox":true,"showFlares":true,"showImageEffects":true,"showParticleSystems":true},"in2DMode":false,"pivot":{"x":-3.340240478515625,"y":11.289802551269532,"z":-0.8747298717498779},"rotation":{"x":0.09700938314199448,"y":-0.7022680044174194,"z":0.09753361344337464,"w":0.6984955668449402},"size":19.14282989501953,"orthographic":false}